{
    "num_vars": {
        "L": {
            "mean": 125.6086956521739,
            "std": 31.647156793008836
        },
        "F": {
            "mean": 55.21739130434783,
            "std": 13.58373874940542
        },
        "N": {
            "mean": 92.08695652173913,
            "std": 28.116083967966837
        }
    },
    "num_qubit": {
        "L": {
            "mean": 423.39130434782606,
            "std": 168.1323855026759
        },
        "F": {
            "mean": 166.17391304347825,
            "std": 61.26822864429679
        },
        "N": {
            "mean": 170.43478260869566,
            "std": 55.71419777443083
        }
    },
    "non_zero": {
        "L": {
            "mean": 802.695652173913,
            "std": 249.23403263714744
        },
        "F": {
            "mean": 427.2608695652174,
            "std": 145.0664667425139
        },
        "N": {
            "mean": 350.0,
            "std": 100.39487255225043
        }
    },
    "max_chain_length": {
        "L": {
            "mean": 6.565217391304348,
            "std": 1.996215701434608
        },
        "F": {
            "mean": 4.3478260869565215,
            "std": 1.0047147833296821
        },
        "N": {
            "mean": 3.4782608695652173,
            "std": 0.7144207271806514
        }
    },
    "time_elapsed": {
        "L": {
            "mean": 0.10239839553833008,
            "std": 0.09009623814311044
        },
        "F": {
            "mean": 0.02986641552137292,
            "std": 0.011588706733441945
        },
        "N": {
            "mean": 0.04893679204194442,
            "std": 0.05414775045324848
        }
    },
    "success_rate": {
        "L": {
            "mean": 0.008826086956521739,
            "std": 0.04118532048944775
        },
        "F": {
            "mean": 0.04578260869565216,
            "std": 0.2031717963398889
        },
        "N": {
            "mean": 0.18039130434782608,
            "std": 0.2500169975318086
        }
    },
    "optimal_rate": {
        "L": {
            "mean": 0.008782608695652174,
            "std": 0.041194086238449244
        },
        "F": {
            "mean": 0.043391304347826086,
            "std": 0.20352325775233837
        },
        "N": {
            "mean": 0.049043478260869564,
            "std": 0.20216877973847786
        }
    }
}